Model,Accuracy
SVM,0.819672131147541
Random Forest,0.819672131147541
Logistic Regression,0.8032786885245902
XGBoost,0.8032786885245902
